{"cameraMode":{"drawMode":0,"name":"Shaded","section":"Shading Mode"},"sceneLighting":false,"audioPlay":false,"sceneViewState":{"showFog":true,"showMaterialUpdate":false,"showSkybox":false,"showFlares":true,"showImageEffects":true,"showParticleSystems":true},"in2DMode":false,"pivot":{"x":-0.015584349632263184,"y":0.08810725808143616,"z":0.4315923750400543},"rotation":{"x":0.09896016120910645,"y":0.6228389143943787,"z":-0.07984510809183121,"w":0.7719476222991943},"size":1.087049126625061,"orthographic":false}