{"cameraMode":{"drawMode":0,"name":"Shaded","section":"Shading Mode"},"sceneLighting":false,"audioPlay":false,"sceneViewState":{"showFog":true,"showMaterialUpdate":false,"showSkybox":false,"showFlares":true,"showImageEffects":true,"showParticleSystems":true},"in2DMode":false,"pivot":{"x":0.2586844861507416,"y":0.4102455675601959,"z":0.06910207867622376},"rotation":{"x":0.0003239257202949375,"y":0.999311625957489,"z":-0.035990770906209949,"w":0.00899404939264059},"size":1.510169267654419,"orthographic":false}